T,E_prom,E_err,M_abs_prom,M_abs_err,n_muestras,n_termalizacion,n_pasos
1.0,-1.9972471972471975,0.00015541334799621724,0.9993029193029193,3.9577104753795154e-05,1001,500,1500
1.2,-1.988873348873349,0.0003279504018287286,0.997085137085137,8.858737982940844e-05,1001,500,1500
1.4,-1.9686713286713287,0.0005501295940427472,0.9915373515373516,0.0001585440351561579,1001,500,1500
1.6,-1.9261652983032294,0.0008456294710892438,0.9788440065681445,0.00027858783124007325,1015,506,1520
1.8,-1.8613628620102216,0.0011809286117437261,0.9572326329736892,0.0004711372832389513,1174,586,1759
2.0,-1.7390536499560247,0.0013756279181126657,0.9088197009674581,0.0006868664513762805,1895,947,2841
2.05,-1.7058570990493713,0.001314250096071069,0.8928845957272821,0.0007309029235332373,2174,1086,3259
2.1,-1.6620304017372423,0.0013817956346762915,0.8714902280130292,0.0008051976740373456,2456,1227,3682
2.15,-1.6145391903531439,0.0013999939989673366,0.8423173782863705,0.001018838838940727,2709,1353,4061
2.2,-1.5383239366394355,0.001609272862575812,0.7737859087945385,0.0017591375301899048,2897,1448,4344
2.25,-1.4710517132568586,0.0016046311410292545,0.7289920926606527,0.0016469759815250778,2993,1495,4487
2.3,-1.3896017897091721,0.0017493955942113162,0.6382162565249814,0.0025115018925292187,2980,1489,4468
2.35,-1.2792916229756495,0.0018954775085060702,0.43153753543826945,0.00394653796045,2861,1430,4290
2.4,-1.2190198786356978,0.0017584790890436217,0.38704498849131613,0.003875434850501423,2655,1326,3980
2.45,-1.145551839464883,0.0015914873757525744,0.2611436269044965,0.003112201685923241,2392,1195,3586
2.5,-1.0994294151769235,0.0016065006752798655,0.1975700047460845,0.003020589175288602,2107,1053,3159
2.55,-1.0671319520174483,0.001969234028661719,0.2441463710166,0.0037738473121157728,1834,916,2749
2.6,-1.0356085319949813,0.001876352564891422,0.16167294019238812,0.0034619009047655216,1594,796,2389
2.8,-0.9112539536781962,0.0019408298305282187,0.09817161514131212,0.002151135112761368,1089,543,1631
3.0,-0.8158162138281423,0.0019959538968663173,0.08456814667550254,0.0020784748795512954,1006,502,1507
3.2,-0.7408280608280609,0.0018070489703869946,0.075986235986236,0.0018190898705048645,1001,500,1500
3.4,-0.684995004995005,0.0018222251426633373,0.06987678987678987,0.0016156344046705765,1001,500,1500
3.6,-0.6290154290154291,0.0017912875433581615,0.05931623931623932,0.0013396844901752323,1001,500,1500
3.8,-0.5927627927627928,0.0017448485115560066,0.05799089799089799,0.0013660593127453233,1001,500,1500
4.0,-0.5594494394494394,0.0017209283090755198,0.058106338106338105,0.0013165520301888424,1001,500,1500
